INSERT INTO insurance_companies (name, description, rating, logo, coefficient)
VALUES ('Согласие', 'Лидер страхового рынка', 4.7, 'soglasie_logo.png', 1.15),
       ('Согаз', 'Широкий спектр услуг', 4.5, 'sogaz_logo.png', 1.20),
       ('АльфаСтрахование', 'Инновации в страховании', 4.3, 'alfa_logo.png', 1.10),
       ('Ингосстрах', 'Надежность и стабильность', 4.6, 'ingosstrakh_logo.png', 1.25),
       ('Тинькофф Страхование', 'Финансовая устойчивость', 4.4, 'tinkoff_logo.png', 1.30),
       ('ВТБ Страхование', 'Доверие и ответственность', 4.2, 'vtb_logo.png', 0.90),
       ('Ренессанс Страхование', 'Клиентоориентированность', 4.5, 'renessans_logo.png', 1.05),
       ('ВСК', 'Новатор в сфере страхования', 4.1, 'vsk_logo.png', 0.95),
       ('РЕСО-Гарантия', 'Эффективные страховые решения', 4.3, 'reso_logo.png', 1.12),
       ('СберСтрахование', 'Забота о будущем', 4.6, 'sber_logo.png', 1.18);


INSERT INTO licenses (company_id, license)
VALUES (1, 'licences/alpha-license.pdf'),
       (2, 'licenses/beta-license.pdf'),
       (3, 'licences/alpha-license.pdf'),
       (4, 'licenses/beta-license.pdf'),
       (5, 'licences/alpha-license.pdf'),
       (6, 'licenses/beta-license.pdf'),
       (7, 'licences/alpha-license.pdf'),
       (8, 'licenses/beta-license.pdf'),
       (9, 'licences/alpha-license.pdf'),
       (10, 'licenses/beta-license.pdf');


INSERT INTO insurances (company_id, type, name, description, processing_time)
VALUES (1, 'KASKO', 'КАСКО для Альфачей', 'КАСКО для Альфачей - это уверенность и переплата в 1000%', 1),
       (2, 'OSAGO', 'Просто Осаго', 'Просто Осаго - и ничего лишнего. Просто плати и иди', 1),
       (3, 'DMS', 'Альфа ДМС', 'ДМС для всей семьи', 1),
       (4, 'KASKO', 'КАСКО для Альфачей', 'КАСКО для Альфачей - это уверенность и переплата в 1000%', 1),
       (5, 'OSAGO', 'Просто Осаго', 'Просто Осаго - и ничего лишнего. Просто плати и иди', 1),
       (6, 'DMS', 'Альфа ДМС', 'ДМС для всей семьи', 1),
       (7, 'KASKO', 'КАСКО для Альфачей', 'КАСКО для Альфачей - это уверенность и переплата в 1000%', 1),
       (8, 'OSAGO', 'Просто Осаго', 'Просто Осаго - и ничего лишнего. Просто плати и иди', 1),
       (9, 'DMS', 'Альфа ДМС', 'ДМС для всей семьи', 1);


INSERT INTO required_documents (insurance_id, document)
VALUES (1, 'Заявление на получение страховки'),
       (1, 'Паспорт или иное удостоверение личности'),
       (1, 'Регистрационные документы на ТС'),
       (1, 'Водительские удостоверения или их копии для всех лиц, допущенных к управлению ТС'),
       (1, 'Предыдущий полис страхования КАСКО (при наличии)'),
       (1, 'Документы на противоугонные системы'),
       (1, 'Два комплекта ключей'),
       (1, 'Диагностическая карта машины'),
       (2, 'Заявление на получение страховки'),
       (2, 'Паспорт или иное удостоверение личности'),
       (2, 'Регистрационные документы на ТС'),
       (2, 'Водительские удостоверения или их копии для всех лиц, допущенных к управлению ТС'),
       (2, 'Диагностическая карта машины'),
       (3, 'Заявление на получение страховки'),
       (3, 'Паспорт или иное удостоверение личности');


INSERT INTO features (insurance_id, feature_name, feature_description)
VALUES (1, 'Ущерб от ДТП',
        'Полис КАСКО покрывает ущерб, который может произойти в результате дорожно-транспортного происшествия, включая случаи, когда владелец автомобиля является виновником ДТП'),
       (1, 'Угон', 'Если ваш автомобиль угоняют, полис КАСКО покрывает этот риск'),
       (1, 'Повреждения от стихийных бедствий',
        'Полис КАСКО также покрывает ущерб от стихийных бедствий, таких как ураганы или наводнения'),
       (1, 'Повреждения от падения предметов',
        'Если на ваш автомобиль упадет, например, дерево и повредит его, полис КАСКО покрывает этот риск'),
       (1, 'Возможность выбора франшизы',
        'Франшиза - это часть ущерба, которую не возмещает страховая компания. Вы можете выбрать размер франшизы, что позволяет снизить стоимость полиса'),
       (2, 'Ущерб, причиненный жизни или здоровью третьих лиц',
        'Если в результате ДТП по вине водителя пострадали другие люди, страховая компания возмещает расходы на их лечение'),
       (2, 'Ущерб, причиненный имуществу третьих лиц',
        'Если в результате ДТП было повреждено имущество других людей (например, автомобиль или забор), страховая компания возмещает расходы на его восстановление'),
       (3, 'ИМЯ1',
        'Приемы врачей, диагностика, ЛФК, физиотерапия, вакцинация детям, справки, рецепты (кроме льготных)'),
       (3, 'ИМЯ2',
        'Скорая медицинская помощь (Выезд бригады коммерческой службы скорой помощи, купирование неотложных состояний, транспортировка в стационар по экстренным показаниям)'),
       (3, 'ИМЯ3', 'Телемедицина (Видеоконсультации врачей, второе медицинское мнение)'),
       (3, 'ИМЯ4', 'Выезд терапевта/педиатра, больничный лист, рецепты (кроме льготных)'),
       (3, 'ИМЯ5', 'Консультации психотерапевта (очно или видеконсультация)');


INSERT INTO validity_periods (insurance_id, validity_period)
VALUES (1, 30),
       (1, 90),
       (1, 365),
       (2, 365);


INSERT INTO driver_number_coefficient (driver_number, coefficient)
VALUES ('1 и более', 1.0),
       ('Без ограничений для физических лиц', 2.32),
       ('Без ограничений для юридических лиц', 1.97);


INSERT INTO age_driving_experience_coefficient (age_range, driving_experience_range, coefficient)
VALUES ('16-21', '0', 2.27),
       ('16-21', '1', 1.92),
       ('16-21', '2', 1.84),
       ('16-21', '3-4', 1.65),
       ('16-21', '5-6', 1.62),
       ('16-21', '7-9', NULL),
       ('16-21', '10-14', NULL),
       ('16-21', '15+', NULL),

       ('22-24', '0', 1.88),
       ('22-24', '1', 1.72),
       ('22-24', '2', 1.71),
       ('22-24', '3-4', 1.13),
       ('22-24', '5-6', 1.1),
       ('22-24', '7-9', 1.09),
       ('22-24', '10-14', NULL),
       ('22-24', '15+', NULL),

       ('25-29', '0', 1.72),
       ('25-29', '1', 1.6),
       ('25-29', '2', 1.54),
       ('25-29', '3-4', 1.09),
       ('25-29', '5-6', 1.08),
       ('25-29', '7-9', 1.07),
       ('25-29', '10-14', 1.02),
       ('25-29', '15+', NULL),

       ('30-34', '0', 1.56),
       ('30-34', '1', 1.5),
       ('30-34', '2', 1.48),
       ('30-34', '3-4', 1.05),
       ('30-34', '5-6', 1.04),
       ('30-34', '7-9', 1.01),
       ('30-34', '10-14', 0.97),
       ('30-34', '15+', 0.95),

       ('35-39', '0', 1.54),
       ('35-39', '1', 1.47),
       ('35-39', '2', 1.46),
       ('35-39', '3-4', 1),
       ('35-39', '5-6', 0.97),
       ('35-39', '7-9', 0.95),
       ('35-39', '10-14', 0.94),
       ('35-39', '15+', 0.93),

       ('40-49', '0', 1.5),
       ('40-49', '1', 1.44),
       ('40-49', '2', 1.43),
       ('40-49', '3-4', 0.96),
       ('40-49', '5-6', 0.95),
       ('40-49', '7-9', 0.94),
       ('40-49', '10-14', 0.93),
       ('40-49', '15+', 0.91),

       ('50-59', '0', 1.46),
       ('50-59', '1', 1.4),
       ('50-59', '2', 1.39),
       ('50-59', '3-4', 0.93),
       ('50-59', '5-6', 0.92),
       ('50-59', '7-9', 0.91),
       ('50-59', '10-14', 0.9),
       ('50-59', '15+', 0.86),

       ('60+', '0', 1.43),
       ('60+', '1', 1.36),
       ('60+', '2', 1.35),
       ('60+', '3-4', 0.91),
       ('60+', '5-6', 0.9),
       ('60+', '7-9', 0.89),
       ('60+', '10-14', 0.88),
       ('60+', '15+', 0.83);


INSERT INTO kmb_coefficient (kbm, coefficient)
VALUES ('M', 3.92),
       ('0', 2.94),
       ('1', 2.25),
       ('2', 1.76),
       ('3', 1.17),
       ('4', 1),
       ('5', 0.91),
       ('6', 0.83),
       ('7', 0.78),
       ('8', 0.74),
       ('9', 0.68),
       ('10', 0.63),
       ('11', 0.57),
       ('12', 0.52),
       ('13', 0.46);


INSERT INTO season_coefficient (usage_period, coefficient)
VALUES ('3', 0.5),
       ('4', 0.6),
       ('5', 0.65),
       ('6', 0.7),
       ('7', 0.8),
       ('8', 0.9),
       ('9', 0.95),
       ('10-12', 1);


INSERT INTO engine_power_coefficient (engine_power, coefficient)
VALUES ('до 50 л.с', '0.6'),
       ('51-70 л.с', '1.0'),
       ('71-100 л.с', '1.1'),
       ('101-120 л.с', '1.2'),
       ('121-150 л.с', '1.4'),
       ('151 л.с и выше', '1.6');


INSERT INTO base_rate_coefficient (transport_type, min_coefficient, max_coefficient)
VALUES ('Мотоциклы, мопеды и лёгкие квадроциклы ("А", "М")', 324, 2536),
       ('Легковые автомобили юр. лиц ("В", "ВЕ")', 852, 5722),
       ('Легковые автомобили физ. лиц ("В", "ВЕ")', 1646, 7535),
       ('Легковые автомобили такси ("В", "ВЕ")', 1490, 15756),
       ('Грузовые автомобили с разрешённой максимальной массой 16 тонн и менее ("С", "CE")', 1163, 9934),
       ('Грузовые автомобили с разрешённой максимальной массой более 16 тонн ("С", "CE")', 1752, 14957),
       ('Автобусы с числом пассажирских не более 16, помимо сиденья водителя ("D", "DE")', 1106, 6823),
       ('Автобусы с числом пассажирских мест более 16 ("D", "DE")', 1382, 8526),
       ('Автобусы, используемые на регулярных перевозках с посадкой и высадкой пассажиров ("D", "DE")', 3053, 9144),
       ('Троллейбусы ("Tb")', 1668, 4997),
       ('Трамваи ("Tm")', 1041, 3116),
       ('Тракторы и иная специальная колёсная техника', 451, 3198);


INSERT INTO region (id, region) OVERRIDING SYSTEM VALUE
VALUES (1, 'Республика Адыгея (Адыгея)'),
       (2, 'Республика Алтай'),
       (3, 'Республика Башкортостан'),
       (4, 'Республика Бурятия'),
       (5, 'Республика Дагестан'),
       (6, 'Республика Ингушетия'),
       (7, 'Кабардино-Балкарская Республика'),
       (8, 'Республика Калмыкия'),
       (9, 'Карачаево-Черкесская Республика'),
       (10, 'Республика Карелия'),
       (11, 'Республика Коми'),
       (12, 'Республика Крым'),
       (13, 'Республика Марий Эл'),
       (14, 'Республика Мордовия'),
       (15, 'Республика Саха (Якутия)'),
       (16, 'Республика Северная Осетия - Алания'),
       (17, 'Республика Татарстан (Татарстан)'),
       (18, 'Республика Тыва'),
       (19, 'Удмуртская Республика'),
       (20, 'Республика Хакасия'),
       (21, 'Чеченская Республика'),
       (22, 'Чувашская Республика - Чувашия'),
       (23, 'Алтайский край'),
       (24, 'Забайкальский край'),
       (25, 'Камчатский край'),
       (26, 'Краснодарский край'),
       (27, 'Красноярский край'),
       (28, 'Пермский край'),
       (29, 'Приморский край'),
       (30, 'Ставропольский край'),
       (31, 'Хабаровский край'),
       (32, 'Амурская область'),
       (33, 'Архангельская область'),
       (34, 'Астраханская область'),
       (35, 'Белгородская область'),
       (36, 'Брянская область'),
       (37, 'Владимирская область'),
       (38, 'Волгоградская область'),
       (39, 'Вологодская область'),
       (40, 'Воронежская область'),
       (41, 'Ивановская область'),
       (42, 'Иркутская область'),
       (43, 'Калининградская область'),
       (44, 'Калужская область'),
       (45, 'Кемеровская область - Кузбасс'),
       (46, 'Кировская область'),
       (47, 'Костромская область'),
       (48, 'Курганская область'),
       (49, 'Курская область'),
       (50, 'Ленинградская область'),
       (51, 'Липецкая область'),
       (52, 'Магаданская область'),
       (53, 'Московская область'),
       (54, 'Мурманская область'),
       (55, 'Нижегородская область'),
       (56, 'Новгородская область'),
       (57, 'Новосибирская область'),
       (58, 'Омская область'),
       (59, 'Оренбургская область'),
       (60, 'Орловская область'),
       (61, 'Пензенская область'),
       (62, 'Псковская область'),
       (63, 'Ростовская область'),
       (64, 'Рязанская область'),
       (65, 'Самарская область'),
       (66, 'Саратовская область'),
       (67, 'Сахалинская область'),
       (68, 'Свердловская область'),
       (69, 'Смоленская область'),
       (70, 'Тамбовская область'),
       (71, 'Тверская область'),
       (72, 'Томская область'),
       (73, 'Тульская область'),
       (74, 'Тюменская область'),
       (75, 'Ульяновская область'),
       (76, 'Челябинская область'),
       (77, 'Ярославская область'),
       (78, 'Москва'),
       (79, 'Санкт-Петербург'),
       (80, 'Севастополь'),
       (81, 'Еврейская автономная область'),
       (82, 'Ненецкий автономный округ'),
       (83, 'Ханты-Мансийский автономный округ - Югра'),
       (84, 'Чукотский автономный округ'),
       (85, 'Ямало-Ненецкий автономный округ'),
       (86, 'Байконур'),
       (87, 'Донецкая Народная Республика'),
       (88, 'Луганская Народная Республика'),
       (89, 'Херсонская область'),
       (90, 'Запорожская область');


INSERT INTO region_coefficient (region_id, region, vehicle_coefficient, special_vehicle_coefficient, dms_coefficient)
VALUES (1, 'Республика Адыгея (Адыгея)', 1.24, 1, 1.24),
       (2, 'Горно-Алтайск', 1.24, 0.84, 1.24),
       (2, 'Прочие города и населенные пункты', 0.76, 0.6, 0.76),
       (3, 'Благовещенск, Октябрьский', 1.16, 0.84, 1.16),
       (3, 'Ишимбай, Кумертау, Салават', 1.08, 0.84, 1.08),
       (3, 'Стерлитамак, Туймазы', 1.24, 0.84, 1.24),
       (3, 'Уфа', 1.64, 1, 1.64),
       (3, 'Прочие города и населенные пункты', 1, 0.84, 1),
       (4, 'Улан-Удэ', 1.24, 0.84, 1.24),
       (4, 'Прочие города и населенные пункты', 0.76, 0.7, 0.76),
       (5, 'Буйнакск, Дербент, Каспийск, Махачкала, Хасавюрт', 0.96, 0.76, 0.96),
       (5, 'Прочие города и населенные пункты', 0.9, 0.76, 0.9),
       (6, 'Малгобек', 0.94, 0.76, 0.94),
       (6, 'Назрань', 0.82, 0.76, 0.82),
       (6, 'Прочие города и населенные пункты', 0.82, 0.76, 0.82),
       (7, 'Нальчик, Прохладный', 1, 0.84, 1),
       (7, 'Прочие города и населенные пункты', 0.88, 0.76, 0.88),
       (8, 'Элиста', 1.24, 0.84, 1.24),
       (8, 'Прочие города и населенные пункты', 0.82, 0.76, 0.82),
       (9, 'Карачаево-Черкесская Республика', 1, 0.88, 1),
       (10, 'Петрозаводск', 1.24, 0.84, 1.24),
       (10, 'Прочие города и населенные пункты', 0.84, 0.6, 0.84),
       (11, 'Сыктывкар', 1.48, 1, 1.48),
       (11, 'Ухта', 1.24, 0.84, 1.24),
       (11, 'Прочие города и населенные пункты', 1, 0.84, 1),
       (12, 'Симферополь', 0.76, 0.76, 0.76),
       (12, 'Прочие города и населенные пункты', 0.68, 0.68, 0.68),
       (13, 'Волжск', 1, 0.84, 1),
       (13, 'Йошкар-Ола', 1.32, 0.84, 1.32),
       (13, 'Прочие города и населенные пункты', 0.76, 0.6, 0.76),
       (14, 'Рузаевка', 1.16, 1, 1.16),
       (14, 'Саранск', 1.4, 1, 1.4),
       (14, 'Прочие города и населенные пункты', 0.84, 0.68, 0.84),
       (15, 'Нерюнгри', 0.84, 0.6, 0.84),
       (15, 'Якутск', 1.16, 0.76, 1.16),
       (15, 'Прочие города и населенные пункты', 0.68, 0.6, 0.68),
       (16, 'Владикавказ', 1, 0.88, 1),
       (16, 'Прочие города и населенные пункты', 0.94, 0.76, 0.94),
       (17, 'Альметьевск, Зеленодольск, Нижнекамск', 1.24, 0.84, 1.24),
       (17, 'Бугульма, Лениногорск, Чистополь', 1, 0.84, 1),
       (17, 'Елабуга', 1.16, 0.84, 1.16),
       (17, 'Казань', 1.8, 1.16, 1.8),
       (17, 'Набережные Челны', 1.56, 1, 1.56),
       (17, 'Прочие города и населенные пункты', 1.08, 0.84, 1.08),
       (18, 'Кызыл', 0.82, 0.76, 0.82),
       (18, 'Прочие города и населенные пункты', 0.82, 0.76, 0.82),
       (19, 'Воткинск', 1.08, 0.84, 1.08),
       (19, 'Глазов, Сарапул', 1, 0.84, 1),
       (19, 'Ижевск', 1.48, 1, 1.48),
       (19, 'Прочие города и населенные пункты', 0.84, 0.6, 0.84),
       (20, 'Абакан, Саяногорск, Черногорск', 1, 0.84, 1),
       (20, 'Прочие города и населенные пункты', 0.82, 0.76, 0.82),
       (21, 'Чеченская Республика', 0.82, 0.76, 0.82),
       (22, 'Канаш', 1.08, 0.84, 1.08),
       (22, 'Новочебоксарск', 1.16, 0.84, 1.16),
       (22, 'Чебоксары', 1.56, 1, 1.56),
       (22, 'Прочие города и населенные пункты', 0.88, 0.7, 0.88),
       (23, 'Барнаул', 1.56, 1, 1.56),
       (23, 'Бийск', 1.16, 0.84, 1.16),
       (23, 'Заринск, Новоалтайск, Рубцовск', 1.08, 0.84, 1.08),
       (23, 'Прочие города и населенные пункты', 0.76, 0.6, 0.76),
       (24, 'Краснокаменск', 0.82, 0.76, 0.82),
       (24, 'Чита', 0.82, 0.7, 0.82),
       (24, 'Прочие города и населенные пункты', 0.68, 0.6, 0.68),
       (25, 'Петропавловск-Камчатский', 1.24, 1, 1.24),
       (25, 'Прочие города и населенные пункты', 1, 0.68, 1),
       (26, 'Анапа, Геленджик', 1.24, 0.84, 1.24),
       (26, 'Армавир, Сочи, Туапсе', 1.16, 0.84, 1.16),
       (26, 'Белореченск, Ейск, Кропоткин, Крымск, Курганинск, Лабинск, Славянск - на - Кубани, Тимашевск, Тихорецк',
        1.08, 0.84, 1.08),
       (26, 'Краснодар, Новороссийск', 1.64, 1, 1.64),
       (26, 'Прочие города и населенные пункты', 1, 0.84, 1),
       (27, 'Ачинск, Зеленогорск', 1.08, 0.84, 1.08),
       (27, 'Железногорск, Норильск', 1.24, 0.84, 1.24),
       (27, 'Канск, Лесосибирск, Минусинск, Назарово', 1, 0.84, 1),
       (27, 'Красноярск', 1.64, 1, 1.64),
       (27, 'Прочие города и населенные пункты', 0.92, 0.6, 0.92),
       (28, 'Березники, Краснокамск', 1.24, 0.84, 1.24),
       (28, 'Лысьва, Чайковский', 1, 0.84, 1),
       (28, 'Пермь', 1.8, 1.16, 1.8),
       (28, 'Соликамск', 1.16, 0.84, 1.16),
       (28, 'Прочие города и населенные пункты', 1.08, 0.84, 1.08),
       (29, 'Арсеньев, Артем, Находка, Спасск - Дальний, Уссурийск', 1, 0.88, 1),
       (29, 'Владивосток', 1.36, 1, 1.36),
       (29, 'Прочие города и населенные пункты', 0.96, 0.76, 0.96),
       (30, 'Буденновск, Георгиевск, Ессентуки, Минеральные Воды, Невинномысск, Пятигорск', 1, 0.84, 1),
       (30, 'Кисловодск, Михайловск, Ставрополь', 1.16, 0.84, 1.16),
       (30, 'Прочие города и населенные пункты', 0.76, 0.6, 0.76),
       (31, 'Амурск', 1, 0.84, 1),
       (31, 'Комсомольск-на-Амуре', 1.27, 0.88, 1.27),
       (31, 'Хабаровск', 1.56, 1, 1.56),
       (31, 'Прочие города и населенные пункты', 0.88, 0.7, 0.88),
       (32, 'Белогорск, Свободный', 1.08, 0.92, 1.08),
       (32, 'Благовещенск', 1.48, 0.92, 1.48),
       (32, 'Прочие города и населенные пункты', 1, 0.68, 1),
       (33, 'Архангельск', 1.64, 1, 1.64),
       (33, 'Котлас', 1.48, 1, 1.48),
       (33, 'Северодвинск', 1.56, 1, 1.56),
       (33, 'Прочие города и населенные пункты', 0.88, 0.6, 0.88),
       (34, 'Астрахань', 1.32, 1, 1.32),
       (34, 'Прочие города и населенные пункты', 0.84, 0.6, 0.84),
       (35, 'Белгород', 1.24, 0.84, 1.24),
       (35, 'Губкин, Старый Оскол', 1, 0.88, 1),
       (35, 'Прочие города и населенные пункты', 0.84, 0.6, 0.84),
       (36, 'Брянск', 1.4, 1, 1.4),
       (36, 'Клинцы', 1, 0.84, 1),
       (36, 'Прочие города и населенные пункты', 0.76, 0.6, 0.76),
       (37, 'Владимир', 1.48, 1, 1.48),
       (37, 'Гусь-Хрустальный', 1.08, 0.84, 1.08),
       (37, 'Муром', 1.16, 0.84, 1.16),
       (37, 'Прочие города и населенные пункты', 1, 0.84, 1),
       (38, 'Волгоград', 1.24, 0.84, 1.24),
       (38, 'Волжский', 1.08, 0.84, 1.08),
       (38, 'Камышин, Михайловка', 1, 0.84, 1),
       (38, 'Прочие города и населенные пункты', 0.76, 0.6, 0.76),
       (39, 'Вологда', 1.56, 1, 1.56),
       (39, 'Череповец', 1.64, 1, 1.64),
       (39, 'Прочие города и населенные пункты', 0.92, 0.6, 0.92),
       (40, 'Борисоглебск, Лиски, Россошь', 1.08, 0.92, 1.08),
       (40, 'Воронеж', 1.4, 1.08, 1.4),
       (40, 'Прочие города и населенные пункты', 0.84, 0.68, 0.84),
       (41, 'Иваново', 1.64, 1, 1.64),
       (41, 'Кинешма', 1.08, 0.84, 1.08),
       (41, 'Шуя', 1, 0.84, 1),
       (41, 'Прочие города и населенные пункты', 0.92, 0.6, 0.92),
       (42, 'Ангарск', 1.16, 0.84, 1.16),
       (42, 'Братск, Тулун, Усть - Илимск, Усть - Кут, Черемхово', 1, 0.84, 1),
       (42, 'Иркутск', 1.56, 1, 1.56),
       (42, 'Усолье-Сибирское', 1.08, 0.84, 1.08),
       (42, 'Шелехов', 1.24, 0.84, 1.24),
       (42, 'Прочие города и населенные пункты', 0.84, 0.6, 0.84),
       (43, 'Калининград', 1.08, 0.84, 1.08),
       (43, 'Прочие города и населенные пункты', 0.84, 0.6, 0.84),
       (44, 'Калуга', 1.16, 0.84, 1.16),
       (44, 'Обнинск', 1.24, 0.84, 1.24),
       (44, 'Прочие города и населенные пункты', 0.92, 0.6, 0.92),
       (45, 'Анжеро-Судженск, Киселевск, Юрга', 1.16, 0.84, 1.16),
       (45, 'Белово, Березовский, Междуреченск, Осинники, Прокопьевск', 1.24, 0.84, 1.24),
       (45, 'Кемерово', 1.72, 1, 1.72),
       (45, 'Новокузнецк', 1.64, 1, 1.64),
       (45, 'Прочие города и населенные пункты', 1.08, 0.84, 1.08),
       (46, 'Киров', 1.32, 1, 1.32),
       (46, 'Кирово-Чепецк', 1.16, 0.84, 1.16),
       (46, 'Прочие города и населенные пункты', 0.84, 0.6, 0.84),
       (47, 'Кострома', 1.24, 0.84, 1.24),
       (47, 'Прочие города и населенные пункты', 0.76, 0.6, 0.76),
       (48, 'Курган', 1.32, 0.84, 1.32),
       (48, 'Шадринск', 1.08, 0.84, 1.08),
       (48, 'Прочие города и населенные пункты', 0.76, 0.7, 0.76),
       (49, 'Железногорск', 1, 0.84, 1),
       (49, 'Курск', 1.16, 0.84, 1.16),
       (49, 'Прочие города и населенные пункты', 0.76, 0.6, 0.76),
       (50, 'Ленинградская область', 1.24, 0.84, 1.24),
       (51, 'Елец', 1, 0.84, 1),
       (51, 'Липецк', 1.4, 1, 1.4),
       (51, 'Прочие города и населенные пункты', 0.84, 0.6, 0.84),
       (52, 'Магадан', 0.82, 0.7, 0.82),
       (52, 'Прочие города и населенные пункты', 0.76, 0.7, 0.76),
       (53, 'Московская область', 1.56, 1, 1.56),
       (54, ' Апатиты, Мончегорск ', 1.24, 1, 1.24),
       (54, 'Мурманск', 1.88, 1.16, 1.88),
       (54, 'Североморск', 1.48, 1, 1.48),
       (54, 'Прочие города и населенные пункты', 1.16, 1, 1.16),
       (55, ' Арзамас, Выкса, Саров ', 1.08, 0.84, 1.08),
       (55, ' Балахна, Бор, Дзержинск ', 1.24, 0.84, 1.24),
       (55, 'Кстово', 1.16, 0.84, 1.16),
       (55, 'Нижний Новгород', 1.64, 1, 1.64),
       (55, 'Прочие города и населенные пункты', 1, 0.84, 1),
       (56, 'Боровичи', 1, 0.84, 1),
       (56, 'Великий Новгород', 1.24, 0.84, 1.24),
       (56, 'Прочие города и населенные пункты', 0.92, 0.6, 0.92),
       (57, 'Бердск', 1.24, 0.84, 1.24),
       (57, 'Искитим', 1.16, 0.84, 1.16),
       (57, 'Куйбышев', 1, 0.84, 1),
       (57, 'Новосибирск', 1.63, 1, 1.63),
       (57, 'Прочие города и населенные пункты', 1, 0.76, 1),
       (58, 'Омск', 1.48, 1, 1.48),
       (58, 'Прочие города и населенные пункты', 0.92, 0.6, 0.92),
       (59, ' Бугуруслан, Бузулук, Новотроицк ', 1, 0.84, 1),
       (59, 'Оренбург', 1.56, 1, 1.56),
       (59, 'Орск', 1.08, 0.84, 1.08),
       (59, 'Прочие города и населенные пункты', 0.84, 0.6, 0.84),
       (60, ' Ливны, Мценск ', 1, 0.84, 1),
       (60, 'Орел', 1.16, 0.84, 1.16),
       (60, 'Прочие города и населенные пункты', 0.76, 0.6, 0.76),
       (61, 'Заречный', 1.16, 0.84, 1.16),
       (61, 'Кузнецк', 1, 0.84, 1),
       (61, 'Пенза', 1.32, 1, 1.32),
       (61, 'Прочие города и населенные пункты', 0.76, 0.6, 0.76),
       (62, 'Великие Луки', 1, 0.84, 1),
       (62, 'Псков', 1.16, 0.84, 1.16),
       (62, 'Прочие города и населенные пункты', 0.76, 0.6, 0.76),
       (63, 'Азов', 1.16, 0.84, 1.16),
       (63, 'Батайск', 1.24, 0.84, 1.24),
       (63, ' Волгодонск, Гуково, Каменск - Шахтинский, Новочеркасск, Новошахтинск, Сальск, Таганрог ', 1, 0.84, 1),
       (63, 'Ростов-на-Дону', 1.64, 1, 1.64),
       (63, 'Шахты', 1.08, 0.84, 1.08),
       (63, 'Прочие города и населенные пункты', 0.84, 0.6, 0.84),
       (64, 'Рязань', 1.32, 1, 1.32),
       (64, 'Прочие города и населенные пункты', 0.92, 0.6, 0.92),
       (65, ' Новокуйбышевск, Сызрань ', 1.08, 0.84, 1.08),
       (65, 'Самара', 1.48, 1, 1.48),
       (65, 'Тольятти', 1.4, 1, 1.4),
       (65, 'Чапаевск', 1.16, 0.84, 1.16),
       (65, 'Прочие города и населенные пункты', 0.92, 0.6, 0.92),
       (66, ' Балаково, Балашов, Вольск ', 1, 0.84, 1),
       (66, 'Саратов', 1.48, 1, 1.48),
       (66, 'Энгельс', 1.16, 0.84, 1.16),
       (66, 'Прочие города и населенные пункты', 0.76, 0.6, 0.76),
       (67, 'Южно-Сахалинск', 1.4, 1, 1.4),
       (67, 'Прочие города и населенные пункты', 0.92, 0.6, 0.92),
       (68, ' Асбест, Ревда ', 1.08, 0.84, 1.08),
       (68, ' Березовский, Верхняя Пышма, Новоуральск, Первоуральск ', 1.24, 0.84, 1.24),
       (68, 'Верхняя Салда, Полевской ', 1.16, 0.84, 1.16),
       (68, 'Екатеринбург', 1.64, 1, 1.64),
       (68, 'Прочие города и населенные пункты', 1, 0.84, 1),
       (69, ' Вязьма, Рославль, Сафоново, Ярцево ', 1, 0.84, 1),
       (69, 'Смоленск', 1.16, 0.84, 1.16),
       (69, 'Прочие города и населенные пункты', 0.76, 0.6, 0.76),
       (70, 'Мичуринск', 1, 0.84, 1),
       (70, 'Тамбов', 1.16, 0.84, 1.16),
       (70, 'Прочие города и населенные пункты', 0.84, 0.6, 0.84),
       (71, 'Вышний Волочек, Кимры, Ржев ', 1, 0.84, 1),
       (71, 'Тверь', 1.4, 1, 1.4),
       (71, 'Прочие города и населенные пункты', 0.84, 0.6, 0.84),
       (72, 'Северск', 1.16, 0.84, 1.16),
       (72, 'Томск', 1.48, 1, 1.48),
       (72, 'Прочие города и населенные пункты', 0.92, 0.6, 0.92),
       (73, ' Алексин, Ефремов, Новомосковск ', 1, 0.84, 1),
       (73, 'Тула', 1.4, 1, 1.4),
       (73, ' Узловая, Щекино ', 1.16, 0.84, 1.16),
       (73, 'Прочие города и населенные пункты', 0.92, 0.6, 0.92),
       (74, 'Тобольск', 1.24, 0.84, 1.24),
       (74, 'Тюмень', 1.8, 1.16, 1.8),
       (74, 'Прочие города и населенные пункты', 1.08, 0.84, 1.08),
       (75, 'Димитровград', 1.16, 0.92, 1.16),
       (75, 'Ульяновск', 1.4, 1.08, 1.4),
       (75, 'Прочие города и населенные пункты', 0.92, 0.68, 0.92),
       (76, ' Златоуст, Миасс ', 1.32, 0.84, 1.32),
       (76, 'Копейск', 1.48, 1, 1.48),
       (76, 'Магнитогорск', 1.64, 1, 1.64),
       (76, ' Сатка, Чебаркуль ', 1.16, 0.84, 1.16),
       (76, 'Челябинск', 1.88, 1.24, 1.88),
       (76, 'Прочие города и населенные пункты', 1, 0.84, 1),
       (77, 'Ярославль', 1.4, 1, 1.4),
       (77, 'Прочие города и населенные пункты', 0.92, 0.6, 0.92),
       (78, 'Москва', 1.8, 1.16, 1.8),
       (79, 'Санкт-Петербург', 1.64, 1, 1.64),
       (80, 'Севастополь', 0.82, 0.82, 0.82),
       (81, 'Биробиджан', 0.82, 0.76, 0.82),
       (81, 'Прочие города и населенные пункты', 0.82, 0.76, 0.82),
       (82, 'Ненецкий автономный округ', 0.84, 0.6, 0.84),
       (83, 'Когалым', 1, 0.84, 1),
       (83, ' Нефтеюганск, Нягань ', 1.24, 0.84, 1.24),
       (83, 'Сургут', 1.8, 1.16, 1.8),
       (83, 'Нижневартовск', 1.64, 1, 1.64),
       (83, 'Ханты-Мансийск', 1.4, 1, 1.4),
       (83, 'Прочие города и населенные пункты', 1.08, 0.84, 1.08),
       (84, 'Чукотский автономный округ', 0.76, 0.7, 0.76),
       (85, 'Новый Уренгой', 1, 0.84, 1),
       (85, 'Ноябрьск', 1.56, 1, 1.56),
       (85, 'Прочие города и населенные пункты', 1.08, 0.84, 1.08),
       (86, 'Байконур', 0.82, 0.76, 0.82),
       (87, 'Донецкая Народная Республика', 0.68, 0.68, 0.68),
       (88, 'Луганская Народная Республика', 0.68, 0.68, 0.68),
       (89, 'Херсонская область', 0.68, 0.68, 0.68),
       (90, 'Запорожская область', 0.68, 0.68, 0.68);



INSERT INTO kasko_car_models (brand, model, coefficient)
VALUES ('Acura', 'TLX', 1.2),
       ('Acura', 'MDX', 1.3),
       ('Acura', 'RDX', 1.1),
       ('Acura', 'ILX', 1.0),
       ('Acura', 'NSX', 1.5),

       ('Audi', 'A4', 1.2),
       ('Audi', 'A6', 1.3),
       ('Audi', 'Q5', 1.1),
       ('Audi', 'Q7', 1.4),
       ('Audi', 'Q3', 1.0),

       ('BMW', '3 Series', 1.2),
       ('BMW', '5 Series', 1.4),
       ('BMW', 'X3', 1.1),
       ('BMW', 'X5', 1.5),
       ('BMW', '7 Series', 1.6),

       ('Chevrolet', 'Malibu', 1.1),
       ('Chevrolet', 'Equinox', 1.2),
       ('Chevrolet', 'Camaro', 1.3),
       ('Chevrolet', 'Traverse', 1.4),
       ('Chevrolet', 'Impala', 1.0),

       ('Ford', 'F-150', 1.5),
       ('Ford', 'Escape', 1.2),
       ('Ford', 'Explorer', 1.4),
       ('Ford', 'Mustang', 1.6),
       ('Ford', 'Focus', 1.0),

       ('Genesis', 'G80', 1.2),
       ('Genesis', 'G70', 1.3),
       ('Genesis', 'GV80', 1.5),
       ('Genesis', 'GV70', 1.4),
       ('Genesis', 'G90', 1.6),

       ('Honda', 'Civic', 1.1),
       ('Honda', 'Accord', 1.2),
       ('Honda', 'CR-V', 1.3),
       ('Honda', 'Pilot', 1.4),
       ('Honda', 'Fit', 1.0),

       ('Hyundai', 'Sonata', 1.2),
       ('Hyundai', 'Elantra', 1.1),
       ('Hyundai', 'Santa Fe', 1.3),
       ('Hyundai', 'Tucson', 1.2),
       ('Hyundai', 'Kona', 1.1),

       ('Infiniti', 'Q50', 1.3),
       ('Infiniti', 'QX60', 1.4),
       ('Infiniti', 'QX80', 1.6),
       ('Infiniti', 'QX50', 1.2),
       ('Infiniti', 'Q60', 1.5),

       ('Kia', 'Optima', 1.2),
       ('Kia', 'Sorento', 1.4),
       ('Kia', 'Sportage', 1.3),
       ('Kia', 'Forte', 1.1),
       ('Kia', 'Telluride', 1.5),

       ('Lexus', 'ES', 1.2),
       ('Lexus', 'RX', 1.5),
       ('Lexus', 'NX', 1.3),
       ('Lexus', 'GX', 1.4),
       ('Lexus', 'LS', 1.6),

       ('Mazda', '6', 1.2),
       ('Mazda', 'CX-5', 1.4),
       ('Mazda', '3', 1.1),
       ('Mazda', 'MX-5', 1.5),
       ('Mazda', 'CX-9', 1.3),

       ('Mercedes-Benz', 'C-Class', 1.2),
       ('Mercedes-Benz', 'E-Class', 1.5),
       ('Mercedes-Benz', 'GLC', 1.3),
       ('Mercedes-Benz', 'GLE', 1.4),
       ('Mercedes-Benz', 'S-Class', 1.6),

       ('Nissan', 'Altima', 1.2),
       ('Nissan', 'Rogue', 1.3),
       ('Nissan', 'Maxima', 1.4),
       ('Nissan', 'Murano', 1.1),
       ('Nissan', 'Pathfinder', 1.5),

       ('Porsche', '911', 1.6),
       ('Porsche', 'Cayenne', 1.5),
       ('Porsche', 'Panamera', 1.4),
       ('Porsche', 'Macan', 1.3),
       ('Porsche', 'Taycan', 1.2),

       ('Subaru', 'Legacy', 1.2),
       ('Subaru', 'Outback', 1.3),
       ('Subaru', 'Forester', 1.1),
       ('Subaru', 'Crosstrek', 1.4),
       ('Subaru', 'Ascent', 1.5),

       ('Tesla', 'Model 3', 1.3),
       ('Tesla', 'Model S', 1.6),
       ('Tesla', 'Model X', 1.5),
       ('Tesla', 'Model Y', 1.4),
       ('Tesla', 'Cybertruck', 1.2),

       ('Toyota', 'Camry', 1.2),
       ('Toyota', 'Corolla', 1.1),
       ('Toyota', 'Rav4', 1.3),
       ('Toyota', 'Highlander', 1.4),
       ('Toyota', 'Prius', 1.0),

       ('Volkswagen', 'Passat', 1.2),
       ('Volkswagen', 'Jetta', 1.1),
       ('Volkswagen', 'Tiguan', 1.3),
       ('Volkswagen', 'Atlas', 1.4),
       ('Volkswagen', 'Golf', 1.0),

       ('Volvo', 'S60', 1.2),
       ('Volvo', 'XC60', 1.4),
       ('Volvo', 'XC90', 1.5),
       ('Volvo', 'S90', 1.3),
       ('Volvo', 'V60', 1.2),

       ('Ducati', 'Panigale V4', 0.8),
       ('Ducati', 'Monster 821', 0.7),
       ('Ducati', 'Scrambler Icon', 0.6),
       ('Ducati', 'Diavel 1260', 0.7),
       ('Ducati', 'Multistrada 950', 0.6),

       ('Harley-Davidson', 'Sportster', 0.6),
       ('Harley-Davidson', 'Street Glide', 0.7),
       ('Harley-Davidson', 'Softail Fat Boy', 0.6),
       ('Harley-Davidson', 'Road King', 0.7),
       ('Harley-Davidson', 'Electra Glide', 0.8),

       ('Honda', 'Africa Twin', 0.8),
       ('Honda', 'CBR600RR', 0.7),
       ('Honda', 'CBR1000RR', 0.7),
       ('Honda', 'CBR500R', 0.6),
       ('Honda', 'Rebel 500', 0.6),

       ('Kawasaki', 'Ninja ZX-6R', 0.6),
       ('Kawasaki', 'Ninja 400', 0.7),
       ('Kawasaki', 'Ninja 650', 0.6),
       ('Kawasaki', 'Versys 650', 0.8),
       ('Kawasaki', 'Z900', 0.7),

       ('Yamaha', 'FZ6R', 0.7),
       ('Yamaha', 'MT-09', 0.6),
       ('Yamaha', 'MT-07', 0.6),
       ('Yamaha', 'YZF-R6', 0.7),
       ('Yamaha', 'YZF-R1', 0.8);


INSERT INTO kasko_driving_experience_coefficient (driving_experience_range, coefficient)
VALUES ('0-5', 5.00),
       ('6-10', 4.45),
       ('11-15', 3.90),
       ('16-20', 3.35),
       ('21-25', 2.80),
       ('26-30', 2.25),
       ('31-35', 1.70),
       ('36-40', 1.00),
       ('41-45', 1.45),
       ('46-50', 1.90),
       ('51-55', 2.35),
       ('56-60', 2.80),
       ('61-65', 3.25),
       ('66-70', 3.70),
       ('71-75', 4.15),
       ('76-80', 4.60),
       ('81+', 5.00);


INSERT INTO kasko_manufacture_year_coefficient (manufacture_year, coefficient)
VALUES (2024, 3.00),
       (2023, 2.80),
       (2022, 2.60),
       (2021, 2.40),
       (2020, 2.20),
       (2019, 2.00),
       (2018, 1.80),
       (2017, 1.60),
       (2016, 1.40),
       (2015, 1.20),
       (2014, 1.00);


INSERT INTO dms_base_rate (base_rate)
VALUES (10000);


INSERT INTO age_dms_coefficient (age, coefficient)
VALUES (0, 1),
       (1, 1.1),
       (2, 1.2),
       (3, 1.3),
       (4, 1.4),
       (5, 1.5),
       (6, 1.6),
       (7, 1.7),
       (8, 1.8),
       (9, 1.9),
       (10, 2),
       (11, 2.1),
       (12, 2.2),
       (13, 2.3),
       (14, 2.4),
       (15, 2.5),
       (16, 2.6),
       (17, 2.7),
       (18, 2.8),
       (19, 2.9),
       (20, 3),
       (21, 3.1),
       (22, 3.2),
       (23, 3.3),
       (24, 3.4),
       (25, 3.5),
       (26, 3.6),
       (27, 3.7),
       (28, 3.8),
       (29, 3.9),
       (30, 4),
       (31, 4.1),
       (32, 4.2),
       (33, 4.3),
       (34, 4.4),
       (35, 4.5),
       (36, 4.6),
       (37, 4.7),
       (38, 4.8),
       (39, 4.9),
       (40, 5),
       (41, 5.1),
       (42, 5.2),
       (43, 5.3),
       (44, 5.4),
       (45, 5.5),
       (46, 5.6),
       (47, 5.7),
       (48, 5.8),
       (49, 5.9),
       (50, 6),
       (51, 6.1),
       (52, 6.2),
       (53, 6.3),
       (54, 6.4),
       (55, 6.5),
       (56, 6.6),
       (57, 6.7),
       (58, 6.8),
       (59, 6.9),
       (60, 7),
       (61, 7.1),
       (62, 7.2),
       (63, 7.3),
       (64, 7.4),
       (65, 7.5),
       (66, 7.6),
       (67, 7.7),
       (68, 7.8),
       (69, 7.9),
       (70, 8),
       (71, 8.1),
       (72, 8.2),
       (73, 8.3),
       (74, 8.4),
       (75, 8.5),
       (76, 8.6),
       (77, 8.7),
       (78, 8.8),
       (79, 8.9),
       (80, 9),
       (81, 9.1),
       (82, 9.2),
       (83, 9.3),
       (84, 9.4),
       (85, 9.5),
       (86, 9.6),
       (87, 9.7),
       (88, 9.8),
       (89, 9.9),
       (90, 10),
       (91, 10),
       (92, 10),
       (93, 10),
       (94, 10),
       (95, 10),
       (96, 10),
       (97, 10),
       (98, 10),
       (99, 10),
       (100, 10),
       (101, 10),
       (102, 10),
       (103, 10),
       (104, 10),
       (105, 10),
       (106, 10),
       (107, 10),
       (108, 10),
       (109, 10),
       (110, 10),
       (111, 10),
       (112, 10),
       (113, 10),
       (114, 10),
       (115, 10),
       (116, 10),
       (117, 10),
       (118, 10),
       (119, 10),
       (120, 10),
       (121, 10),
       (122, 10),
       (123, 10),
       (124, 10),
       (125, 10),
       (126, 10),
       (127, 10);
       ('Volvo', 'V60', 1.2);

INSERT INTO users (username, password, email, role, enabled)
VALUES ('bob', 'bob', 'bob@bob.ru', 'ROLE_ADMIN', true),
       ('ted', '$2a$12$4FPiqxkRCdfwSSwykbd/HePa3znWYrIp48tEOJMfiORzqIzT/EVI2', 'ted@ted.ru', 'ROLE_USER', true);

INSERT INTO authorities (username, authority)
VALUES ('bob', 'WRITE_PRIVILEGE'),
       ('ted', 'READ_PRIVILEGE');